Title,Name,Airline,Date,Verified,Reviews,Type of Traveller,Route,Class,Seat Comfort,Staff Service,Food & Beverages,Inflight Entertainment,Value For Money,Overall Rating,Numerical Overall Rating
“I felt squeezed in”,Makoto Hashimoto ,Air France,December 2023,True,"I flew to Bucharest out of HND via CDG in Business Class with Air France. In the first leg, on seating myself on a business class seat, I felt squeezed in. Whenever I got out of my seat for a rest room or something, I could not help grabbing the backrest of the seat just in front of mine, which finally caused him to make a complaint to me. For dinner, no Japanese food was available. More than that, the main Western course they served was not suitable for my typical Japanese taste. However, I found it logical, because one of the roles AF assumes is to spread French culture. After dinner ample refreshments ,such as fruits, chocolates, and biscuits were presented with a bottle of champagne at the galley. It was the so-called help-yourself service. On the other hand, I did see what I didn’t want to see: not a few flight attendants were bent on chatting each other. They didn’t intend to replace an empty bottle with a new one. Two hours prior to arrival, as regular breakfast was served, French butter, regrettably whose brand name I forgot, was noteworthy. In the second leg, regular European business class with middle seat empty. The meal served here was tasty (see photo). The portion of cheese was impressive. Serving generous amount of champagne was highly appreciated. The plane landed on OTP as scheduled.",Solo Leisure,Haneda - Paris - Bucharest,Business Class,2,5,4,1,2,NEU,5
I was told I was on standby,Peter Norris,Air France,July 2023,True,"I booked this flight in November 2022 as part of a round world trip, as in my 70's I like a little comfort, I also booked an isle seat. Upon checking in at CDG , I was told I was on standby having paid 8 months before. It was an anxious 2 hour wait, I did get my premium economy seat, but not an aisle as requested and paid for, no fun on a 10 hour flight in a middle seat.",Solo Leisure,Paris - Johannesburg,Premium Economy,3,2,3,5,4,NEU,5
disappointed with service at check in counter,Annie Papazian,Air France,August 2023,True,"I checked in online and arrived at the Pierre Elliot Trudeau airport 45 minutes early to upgrade to business /or/ first class depending on availability. I was so happy to see all 3 agents working in ""Priority check in"" free. No customers to serve. I approached one agent, she asked to see my ticket which I showed her. I told her I want to upgrade. She replied, with a stern look, and said ""come back at 7"". The time was 6.15 pm. She would not listen to anything I said thereafter ignoring me as though I did not exist. Another client arrived who was scheduled on an earlier flight, she allowed him to check in an extra luggage for free. I responded by saying that was such a nice gesture on her behalf, and it would be appreciated if that kindness spread to others like me....to please give me a solution. No response. I went to the next agent who was a little more helpful and told me to try the upgrade on the machine. (Even though there were no other customers to serve). I went to the self-operated check in machine and succeed to find the seats I wanted but it would not accept any credit card and redirected me to the counter. I went back, again all 3 agents were free. They said they cannot help. I became angry. Another client came with the same situation. Yet that client had already her business class tickets. She was treated the same way. She said she had “never” seen such service. Ok now its 7pm. I am waiting to enter priority check in-no one is there to serve the clients! The economy class is whizzing by, the ones in “Priority are waiting to be served. I approach the second agent I see walking by to ask her what is going on? Clearly, I was very upset. Rather than answer me she threatens to call security! Are you for real? She claims not to like my “tone”! Question: Air France: Why are you putting agents such as these in “Priority” check in? Please I need to understand! I am on a seven-week European vacation with my husband. I was so happy and then this? Do your clients happiness matter to you? Finally, I wanted their names which they completely refused to give, therefore I photographed them so that you can identify these rude agents and retrain their customer care service skills, or better yet give them a job that they do not have to deal with people. Clearly they are unhappy people who should not be greeting happy travellers. I am so disappointed with the service at the check in counter at YUL airport! The rest of our trip was excellent!",Couple Leisure,Marseille - Paris-CDG,Economy Class,4,2,3,2,4,NEU,5
service in business class was horrible,Thomas Wozniak,Air France,July 2023,True,"The food and service in business class was horrible. For the dinner flight we were served a tasteless, overcooked and fatty piece of pork and the next morning the staff on the left side of the aircraft failed to serve several business class passengers, including me, our breakfast! Instead they stood in the front of the section talking to people and then cleaning up their trays before the rest of us had even been served! During the flight they never came around offering us any water. We had to go the galley and request it.",Couple Leisure,Barcelona - Paris,Business Class,4,5,1,1,4,NEU,6
Air France is reborn in quality,D Vayroux,Air France,May 2023,True,"After years of improvement, Air France is reborn in quality. Very poor food. Seat pitch on long haul is very poor but very good entertainment service, and very good lounge for those who have access. I was a great defender of Air France for years, I am much less. Après des années d’amélioration, Air France renaisse en qualité Nourriture très insuffisante Personnel autain Le pitch des sièges sur le long courrier est très insuffisant Mais très bon service de divertissement et très bon lounge pour ceux qui y ont accès J’étais un grand défenseur d’Air France depuis des années, je le suis beaucoup moins",Couple Leisure,Marseilles - Paris Orly,Economy Class,3,5,4,4,3,NEU,5
Personnel attitude make the difference,Michel Perrin,Air France,May 2023,True,"Personnel attitude make the difference. On the way to Paris (see previous review) , everything went smoothly. Not on the way back. One of the rudest boarding I faced. Unpolite staff. No smile, no education. It seemed that we were bothering the two ladies. We entered the aircraft at a high level of stress. Turbulences and stress cockpit did not help then.",Couple Leisure,Boston - Paris,Economy Class,3,3,5,4,5,NEU,5
Disappointing experience,Mark Simons,Air France,January 2023,False,Flew to San Jose Costa Rica via CDG. London flight departed late so made the connection through CDG challenging as had to go through security check again which was very slow. We went straight to gate and boarded the A350. Welcome on board drinks were offered before an on time departure. Menu with choices was offered - I was in row 7 and by time I was reached 2 out of 4 dishes were no longer available. Nice selection of wines. What surprised myself and my wife was the condition of the cabin - scratched surfaces and loose panels and poor for such a new aircraft. Pre landing meal offered to mewas nothing special. Wifi was not working and selection of films was limited.,Couple Leisure,Vancouver - Amsterdam,Business Class,5,4,5,5,3,NEU,5
need to feel welcomed and pampered,Vassen Kauppaymuthoo,Air France,October 2022,True,"Air France Business Class Mauritius to Paris Boeing 777. Recent seats and good food but got the impression that the cabin crew forgot me. Meal selection was limited, forgot to serve me dessert. When asked it was served on the table without table cloth without any napkin. When asking for a napkin, I was given a large table cloth. For breakfast had to use the call button a few times to get an orange juice and another tea. Travelling is not only about cabin product seats and meals, you need to feel welcomed and pampered. This was not the case for Air France crew on this flight.",Business,Paris - Chicago,Business Class,3,5,4,3,2,NEU,6
The in flight experience was fine,L Karson,Air France,July 2022,True,"We were able to fit everything into carry on luggage, which was helpful, especially outbound. On the return flight our bags were spot checked and found to be overweight so we had to get out of the line for passport control, check the bags, then get back into the passport line. This was frustrating, but since we had left a ridiculous amount of time to make the flight we didn't actually have a problem. In addition, the employees marshaling the passport lines were very heads-up and were moving people to fill gaps in the line. They also appeared responsive to pleas about flights departing soon, including those in English. We were of course pretty worried about whether our bags would vaporize on the way to JFK but fortunately everything showed up and was undamaged. All of this means we were very fortunate, since we were flying midsummer when all of the horror stories were happening and  we didn't have to deal with AF ground service, which in our experience has never been terrible but never better than OK, either.  The in flight experience was fine, although AF is one airline where it pays to fly Premium Economy. We flew regular Economy because of the size of our group, and the service was less. Cabin staff very pleasant as usual but not very visible apart from meal service. Much more attentive the further forward you go, which is not a very passenger-centric strategy. The aircraft wasn't new but had been refreshed. IFE worked and had lots of options. Outbound flight took off late but landed almost on time, return flight was on time. In Premium Economy or Business Class Air France an excellent airline, but in Economy it's a little disappointing. AF could learn a lot from Delta, which provides pretty good service throughout the cabin, or even from United, which is mediocre front to back. Most of my international travel is to France, and most of that is on Air France. This is unlikely to change. Still, I live in hope that Air France ups its game on the service front.",Family Leisure,Paris - Miami,Economy Class,3,1,1,4,4,NEU,6
never encountered such incompetence,M Laprairie,Air France,December 2021,True,"Shame on Air France for its disgraceful performance and for doing nothing thus far to settle a claim for clothes and incidentals I had to buy after my luggage was delayed last December  when returning from Guinea to Washington DC in business class. I must have now called Air France a dozen times to find out the status of my claim. Each time, I get bounced around from one agent to another, each of whom appears completely unable to provide any help whatsoever. One agent today told me that the only way to communicate with AF is via social media and suggested I try Twitter and Facebook. I've already tried both of those months ago and never have had any response. I've now escalated the matter with my firm and with AMEX which did the booking as my company's corporate travel partner. Shame on Air France. I've never encountered such incompetence.",Business,Montreal - Paris - Marseille,Business Class,1,5,5,4,2,NEU,6
Some of the cabin crew were gloomy,Ali Wajee Ur Rehman,Air France,July 2022,True,"I flew with Air France on flight AF1424 on 3rd July 2022 from Paris to Berlin. I knew there were cases of large queues for luggage check-ins and anticipating this, I left for the airport 4 hrs earlier and arrived 3.5hrs earlier than my flight time. And as expected, the line was huge. Despite the fact that they had automatic machines where you could check in your luggage, those machines opened late and 3-5 members of Air France were operating those counters. When the machines started running, people did not know how to use them. For example, if your bag were overweight by a certain threshold, the machine would get stuck. Thus, requiring human interference (or maybe people just didn’t know) to make it start working again. Secondly, the machine did not mention that you need to check in your hand luggage also. So, people had to come back from security. There was also a long line of people printing luggage tags after getting in line. Thus coming back and forth into the queues and stalling the people behind them. There were people just getting in line without waiting for their turn.  Some of the cabin crew were gloomy.",Solo Leisure,Birmingham - Paris,Economy Class,1,5,2,3,3,NEU,5
food was not up to the quality,Sumita Luthria,Air France,June 2022,True,"I was dissatisfied with the business class flight from Paris to Mumbai round trip. The flat bed was more like a recliner seat and my food was not up to the quality. Flight back from Paris to LAX took off late and I was very hungry. Flight attendant gave me menu, I chose salmon, she mentioned that is not available since it has been taken. No issues but when I paid a premium to travel business, should not I expect better. Given vegetarian which was very salty.",Business,Osaka - Paris - Rome,Business Class,5,1,1,4,3,NEU,5
"All in all, a decent experience",S Gorsey,Air France,December 2021,True,"It was very nice having a wide body with a 1-2-1 lie flat business class layout on a Moscow to Paris segment. Seats were comfortable, WiFi worked very well, and crew were lovely. However, amenities are on the zero side: no blankets / pillows or amenity kit was provided. Catering was also a bit on a low-side: salad was tasty, although no hot food on a 3.5 hour flight, only one kind of tea, not even basic things like lemon is given. CDG is a very confusing airport by its layout, although there were many staff members navigating passengers,  making the transfer efficient. A CDG - LHR leg was uneventful, a typical 1-hour intra-European hop, however, with extremely uncomfortable business class seats. A foie gras as a snack was a very nice touch. All in all, a decent experience for an EU airline. Air France nowadays seems to be a nice option to accrue a good bunch of miles subject to an attractive fare and if they schedule a widebody on a Moscow flight. However, in all other respects, I would strongly prefer KLM as a peer transit airline: they fly from LCY, their Schiphol hub is much much better for transit, the narrowbody seats are way more comfortable and staff generally better. Purely from a customer experience / segmentation perspective, AF seems to be decent, however, just not my type of airline. In addition to that, it flies into Heathrow Terminal 3: I am writing this review, standing through my first hour at passport control queue.",Solo Leisure,Milan - Paris - Los Angeles,Business Class,3,4,5,1,4,NEU,5
Check-in was a mess,Mark LaPrairie,Air France,November 2021,False,"Check-in was a mess. There was a huge line for the Sky Priority check-in counters. No dedicated counters for business class as the cue I was in was mixed up with lots of people traveling in economy, but with status on Delta. Despite arriving at IAD 90 mins before departure, I ended up waiting in-line for almost an hour to check-in and then had to run like a madman to get to the gate. Staff at the counter cited ""staffing shortages"" as the reason for the very slow check-in. I was seated in the first small cabin of business class. I found the seat weird with an oddly positioned aisle side armrest. In the flat position, you feel like you are in a coffin. Food was utterly unremarkable - a pity given that it is a carrier from France which has such wonderful food. The selection of movies was large, but didn't have much of interest. I asked for a second cup of chamomile tea and was told they had run out .. seriously? i have brought my own tea bags if I knew they'd run out of it in business class. Flight attendants were friendly, but not once did any of the FAs respond to my using the call button. Why bother having them if they are going to be ignored. A far cry from Qatar Airway's business class with the great Q-Suite. Have three more legs with AF on this trip, so hoping for some improvement, although I expect the hard product to be the same.",Business,Paris - Madrid - Miami,Business Class,5,1,5,4,3,NEU,6
had the mask only on the chin,P Larelli,Air France,August 2020,True,"Today as I boarded the flight, i am greeted by two gentlemen wearing on their shirt a badge with “safety/security” written on. One of them had the mask only on the chin, uncovering the nose. This shows lack of professionalism. These days more than ever, every detail is capital.",Solo Leisure,Kiev - Amsterdam - Nantes,Economy Class,5,1,3,4,3,NEU,5
My disappointment is with the food service,Elizabeth Hagell,Air France,January 2020,False,"Flew from Toronto to Paris. Overall quite nice. My first time flying business class. Loved the pods - very private, nice amount of storage space too. My disappointment is with the food service. I ordered a lacto-ovo vegetarian meal service. Instead of the requested meal, I was given vegan meals. They were poor, curry seems to be the flavor of choice. I like a good curry but not at every meal. The supper menu was even worse. I received a bowl of steamed vegetables (a couple of carrots, some potatoes and some other unidentifiable vegetable with a heavy dose of rosemary). It was inedible. I returned it and filled up with bread and cheese. I am not sure why a lacto-ovo meal was not available. I am a foodie and pay a lot of attention to what I eat. The poor quality of the special meal will make me rethink flying on Air France in the future.",Solo Leisure,Paris - Chicago,Business Class,1,2,5,3,2,NEU,5
checked size and weight of cabin bags,Pavel Nemecek,Air France,December 2019,True,"Paris to Prague. First of all the passengers are checked for size and weight of cabin bags before security control. The flight was on time, we received small sandwich and a beverage, crew was nice. There was a wifi with free message pass which is great. However after arrival I found out that my cabin bag which I was forced to check-in came ripped which is unacceptable.",Solo Leisure,Montreal - Paris,Economy Class,1,4,4,1,3,NEU,6
My issue is with the baggage policy,Leneta Kindrick,Air France,October 2019,False,"First, the flight, food and service were great. My issue is with the baggage policy. We flew business class from Atlanta to CDG, then had an internal France flight to Marseille. We returned on a flight from Lyon to CDG, then business class from CDG to Atlanta. Business class was not offered on the internal France flights. Business class is allowed 2 checked bags. This wasn't a problem on the outbound trip. On our return we had to pay excess baggage fees because the first leg of our flight was economy and we were only allowed 1 bag each. Multiple calls to AF customer service indicates this is their policy. The originating leg dictates the baggage allowance. So be aware even if you fly business class if one of your legs doesn't offer that level, you don't get the full benefits of business class.",Couple Leisure,Paris CDG - New York JFK,Business Class,1,5,3,5,5,NEU,6
Overall impression: sloppy product,S Karentov,Air France,October 2019,True,"Flight from Paris CDG to New York JFK on A380 behemoth airplane. Boarding to the upper deck is smooth for business class. The first impression is tainted by dirty seat (s. photo) with stains and crumbs on it. The seat is not a full-flat with limited recline and quite cramped. Service during the flight was not impressive with FA seemed to be overwhelmed. I was not able to assess IFE since remote control was broken and to press the touch screen all the time was annoying. Food tasted amazingly bland: appetizers including bread seemed to be served directly from the fridge with poor presentation (s. photo). The main course (I had zucchini canneloni) was OK. Fresh fruits for dessert were mashy. Enigmatic was the deck in front of the cabin (s. photo) - the bench imitation was of no use since you slide down when trying to sit on it. Another surprise - the lack of wi-fi which nowadays is provided on most even smaller planes. Overall impression: sloppy product, not something one would expect from Air France.",Business,Paris CDG - Panamá City,Business Class,2,2,1,1,2,NEU,5
Very poor business class,E Parelli,Air France,September 2019,True,"Bought a seat in business class for this flight from Paris CDG to Lisbon. Everything at Paris CDG went smooth and comfortably, from the priority security screening to the AF lounge and Boarding. All staff was kind, specially the cabin crew. However: They had no business catering for me, and gave me a economy meal, with the promise they would send me a 50€ discount for a future flight with AF (haven’t received anything yet). The seats were not specially comfortable (standard economy seats) and legroom very short. Very poor business class, in an otherwise very good experience.",Business,Basel - Paris CDG,Business Class,4,5,2,1,2,NEU,6
most uncomfortable flight,P Veesten,Air France,May 2019,False,"Mauritius to Paris CDG on a Boeing 777-300ER. This flight wasn’t our first choice, as we were originally booked on a Air Mauritius flight, but were rebooked to this Air France flight because of the cancellation of the Air Mauritius flight (we knew this 2,5 months before departure). When we checked in online we were assigned two aisle seats on row 22. When we later checked our seats in the Air France app again we found out we were assigned different seats; row 20 and 54! The reason of this was a equipment change; Air France was operating a less dense 777-300ER with a lot less Economy class seats. During check in we adressed the seat issue and lucky we got new seats; 47A and B. When we sat down we felt extremely cramped; the seats were very uncomfortable with terrible leg room and appealing shoulder space. Air France is operating the 777 in a 3x4x3 configuration, and  this cramped configuration is used with an increasing amount of airlines. The PTVs were of good quality with decent content; movies, series, music, games, interactive map and a front camera. The cabin crew was very professional, proactive and polite. Both meals (dinner and breakfast) were of a good quality, but a bit small. Last but not least, the temperature on board was extremely hot during the first few hours. We addressed this to the crew and they acknowledge, but couldn’t do anything about it as the system was not reacting properly. To sum up; this was my first and most definitely last experience on board of an Air France 777-300ER. The service was fine but the seat discomfort made it one of my most uncomfortable flights ever. I would certainly fly Air France again (this was my fifth flight with them), but only if it isn’t a Boeing 777!",Couple Leisure,Dublin - Paris CDG,Economy Class,4,4,5,1,3,NEU,5
It could be better2,Alexander Butov,Air France,October 2018,True,"Paris to Shanghai. It could be better. Comfortable seating. New aircraft. But flight attendants were outraged by their behavior. In the middle of the flight, none of the flight attendants could be seen. Pressing the flight attendant call button 5 times no one approached. In flight entertainment is pretty not bad. Everything went without delay.",Family Leisure,London Heathrow - Paris CDG - Dubai,Economy Class,1,5,3,2,4,NEU,5
it was showing its age,Kim Thomsen,Air France,April 2019,True,"Check-in started three and half hours before take-off. Premium economy passengers are allowed to use Sky Priority check-in so it was quick and easy. Boarding started on time. AF's premium economy seat is in a hard shell so it slides forward to recline. On this flight I found my seat was working so I got full recline, where my wife's seat was slightly broken and did not recline fully. Like the journey to DXB the PE cabin was in need of a refresh, so while clean, it was showing its age. I did find the seat comfortable when fully reclined and managed to get 5 hours of sleep. A snack was served after take-off which was significantly better than the micro tuna sandwich we got coming to DXB. Breakfast was served 90 min before landing in CDG. Choice was omelette or creme. Both choices were unmemorable at best. The IFE system was ok but the choices seemed limited and the flight was not wifi enabled. The crew on this flight were very french and seemed grumpy, bordering rude. We landed early at CDG which was a good thing as the line for transfer security was ridiculously long for 6 am. The flight to LHR was a standard intra European flight but AF still managed to serve a snack and drink during the 45 min flight. Again for the price point I cannot recommend AF premium economy, it is simply not twice as good as regular economy.",Couple Leisure,Paris - Dallas,Premium Economy,5,4,4,2,2,NEU,5
cabin looked very tired and in need of a refresh,Kim Thomsen,Air France,April 2019,True,"Flight from LHR to CDG was an unmemorable, standard intra European flight of 45 min. Despite this AF managed to serve a drink and a snack. CDG is a very confusing airport but we managed to find our departure gate. AF allows premium economy passengers to board via Sky Priority group 2. The seat is rather strange as it is a hard shell where the seat slides forward to recline. However I found my seat to be slightly broken so it did not recline as much as it should. My wife's seat next to me was in better condition, so she got full recline which looked comfortable. Generally the cabin looked very tired and in need of a refresh. The in-flight entertainment selection was not bad but limited compared with other airlines. The food was, on the other hand, very good. I would not have been disappointed to get the vegetable pasta in business class. The pre-landing snack, however, was probably the smallest tune sandwich I have ever seen. It was borderline a joke of a snack. The crew was friendly and attentive and they seemed well intended. We landed on time at DXB in the old terminal one but immigration and customs were quick and easy with no queues as we arrived at about 22:30. All in all not a bad flight, but not good value for money. This flight was not wifi enabled.",Couple Leisure,Hong Kong - Paris - London,Premium Economy,1,5,1,1,3,NEU,6
service almost non-existent,George Mantel,Air France,January 2019,True,Paris to Atlanta. Very hard seat. The food was without taste. Wine great. Service during the flight almost non-existent. Near the end we did see 3 offering of water. The breakfast was a “pizza hot pocket” warm yogurt and bad juice. Great coffee but not enough. I did not eat my “breakfast.” Their motto French in the air. It is not! What a great country with excellent food choices and comfort.,Solo Leisure,Beirut - Paris - New York,Premium Economy,4,5,5,3,2,NEU,5
Main flight was good,Chris Walsh,Air France,December 2018,True,London to Singapore via Paris. First small flight was ok. Main flight was good. Cabin crew very good but let down by one who was rude. The seat was ok but controls are where you rest your arms so press buttons without realising. Food and service of it didn't feel as good as other carriers and was served on a tray which I would expect on business.,Couple Leisure,Paris - Ho Chi Minh,Business Class,3,5,3,4,4,NEU,6
tended to go through the motions2,G Meares,Air France,January 2019,True,"Freetown to Tokyo via Paris. The A340 on the Freetown-Paris leg is in desperate need of an upgrade; the seats are old and tired, the IFE screen is 6 inches and poor quality, and the bathrooms dirty and worn. Paris to Tokyo return was acceptable, but not great. On one leg, I made the mistake of paying for an emergency-exit seat, and whilst the legroom was great, the seat width was severely limited due to the TV and table in the armrest. On the return leg, the seats were tightly packed with little legroom. IFE was limited, very few options. All the meals were average, as was the service. The Japanese crew were friendly and attentive, whilst the French crew tended to go through the motions and then hide away. You didn't see them outside of the meal service. My experience with Air France is that the crew just disappear, and they don't seem to really enjoy their work or be motivated to provide good customer service.",Solo Leisure,Paris - Venice,Economy Class,3,1,5,4,2,NEU,5
Two very average flights,G Meares,Air France,November 2018,True,"Freetown to New York via Paris. Two very average flights, especially considering it was Business Class. No welcome drinks were offered on departure from Freetown; however, as the flight makes a 1.5 hour stop-over in Conakry, it was a long, long time before any drink or refreshments were offered at all. On both legs, service was average at best. I did not feel like I was in Business Class; no drink runs were made outside of the meal service, and the food was incredibly poor. For breakfast on the CDG-JFK leg, I felt the omelette was the equivalent of something you'd get in Economy Class. Furthermore, one entire course of food that was mentioned in the menu was not offered. As crew were absent from the cabin, I went to the galley to get a coffee and had to wait ages as the crew were busy chatting. Certainly not a premium offering in terms of food, wine or service; however the hard-product was good.",Business,Paris - Bilbao,Business Class,1,2,4,3,2,NEU,5
a roller coaster of emotions,Sarah Rivera,Air France,September 2018,False,"Stockholm to Marseille. My flight was cancelled. Air France was helpful with the situation but I received numerous confusing delayed emails within a 12 hour span. ""One of 2 connecting flights was cancelled we will get you a new one. Got you a new one in a different city. Oh by the way the second flight of the initial flight was cancelled. Then you have a new flight to another new city."" I was so confused and the only way to contact them in the middle of the night without international charges on my phone was through a messenger app which can take hours for them to respond. After they did respond I was sent the initial flight information which had been cancelled. Why do I need this? I received numerous emails of cancelled flight I didnt need confusing me. Was the flight back on? I also never received a cancellation email for the second cancelled flight. All of a sudden I have 2 flights? Air France did respond and give me the most updated flight info bit what a roller coaster of emotions. Especially flying alone and on a time schedule with connecting flights.",Solo Leisure,London - Paris,Economy Class,4,3,3,4,1,NEU,5
my bags didn't arrive,Camilo Echavarria,Air France,June 2018,True,"Business Class from Bogota to Paris. The plane was great and service on board to but when I got to Paris my 2 bags didn't. Because I had a connection in Bogota I took my time to ask the person in the counter if he could check if my bags where on board, I flew Business from Medellin in Avianca, and the AF person left me a couple of minutes waiting before boarding, I suppose checking if my bags were ok and he told me I was fine. The connection was like 1 hour and if my bags had priority on them I assume there would be no problem. When I got to Paris, as I already told, my bags didn't arrive and I went to the service counter of Air France to ask for help. The first response was go to the carousel again for 30 minutes more, I had waited like 45 minutes, that sometimes bagas appear. I did as I was told and then went back to file my missing baggage. This time they filed my request and told me they will contact me for future delivery because my bags hadn't reached Paris and they didn't know where they were. For the next 4 days I was not reached by Air France by email, phone or anything regarding my bags. I called them several times and the answers were: first we haven't located your bags and then the bags are in process of being delivered to you. Also I tried to check the status of my bags on their site, as I was told I could do, but the system never gave me accurate information. Finally the 12th my bags finally had arrived with no previous contact with me to arrange the delivery or even to let me know finally my bags were on Paris. Just a single paper saying 1 zip open on the small suitcase. When I checked my bags the smaller one had thelock broken. I filled the complain at AF following their procedures and until now more than 20 days later the only contact from AF has been  an automated e-mail. I just expect AF to compensate me for the basic things I had to buy.",Couple Leisure,Shanghai - Paris CDG,Business Class,4,4,5,3,3,NEU,5
flight was delayed for 4 hours,K Garcia,Air France,July 2018,False,"This flight was delayed for 4 hours in total. As we arrived at CDG from MAD, I got the mail that the flight AF116 was canceled and the replacement was AF116A. We managed to find food in the very expensive CDG airport. After dinner, we went to the door only to find out they were giving out food vouchers, the found staff insisted they broadcasted it however we really didn't hear anything. Also, we saw many people getting their vouchers at the time, meaning that many people were not aware of the vouchers earlier. What i didn't like was the ground staff's attitude. After 2 hours, they said due to technical issues with the engine, they had to postpone another hour. 30 mins after it, they said again that the flight would be delayed from another hour. I respect the ground staff because I understood it was not their problem, but I believe AF already knew that they would be delaying the flight for anther 2 more hours but they were just reluctant to admit it. We arrived at PVG 4 hours later than scheduled. Not to mentioned the old and slow entertainment system on board and the not tasty at all food offered in the airplane.",Solo Leisure,Los Angeles - Paris - Dusseldorf,Economy Class,1,5,2,4,5,NEU,6
inflight product was above average,Francois Khouri,Air France,August 2017,True,"Flew from Miami to Beijing via Paris. My original connection time in Paris was 3hr 15mins, so it was a shocker to me when I, through my own research, found that my flight from Miami to Paris had been delayed for 4 hours and that I would miss my connection. While I understand not all delays are the fault of the airline, it was disappointing that Air France did not contact me-a Sky Priority Customer-informing me of this, and that I had to call the SkyTeam hotline and wait for an hour to get my reroute (through Atlanta). Having said that, the inflight product was above average, and my only complaint would be the price of the Wifi. Overall a solid airline, definitely explore other options first but AF works and provides a solid flight experience.",Solo Leisure,Paris - Johannesburg,Economy Class,4,4,5,1,3,NEU,6
the food was terrible,W Carey,Air France,May 2018,True,"Los Angeles to Paris. The staff is great, but the food was terrible. I've never had worse on a business class flight. Most of it was terrible tasting to the point of being inedible. And you couldn't resort to the snack bar, because the paltry offering there was uninviting. This would be bad enough on a 2-hour flight, but on an overseas flight at a business-class fare it's intolerable. My wife and I will try to avoid Air France in the future.",Couple Leisure,New York - Paris - Kiev,Business Class,1,5,3,5,2,NEU,5
conspicuous by their absence,Simon Castleman,Air France,March 2018,True,Flew Rio de Janeiro to Paris. Boarding was quick and flight left on time. Pre-dinner drinks and dinner was served shortly after takeoff. Good food and wine. After this the flight attendants were conspicuous by their absence. I had to find them several times to get water. On one occasion they filled my bottle which I had been drinking out of from a larger one - not very hygienic if this is standard practice. Seat not as comfortable on this aircraft as on the Caribbean version of the 777-300.,Couple Leisure,Zurich - Paris - Sint Maarten,Business Class,1,1,1,3,3,NEU,6
the flight was average,Suzanne Grindley,Air France,December 2017,True,"Johannesburg to Munich via Paris. First time flying Air France (in conjunction with KLM). Also my first time flying A380. In flight entertainment for the plane didn't work from take off to landing. Other than that, the flight was average. Average food andaverage service.",Couple Leisure,Tel Avivi - Paris CDG - Stockholm,Economy Class,3,3,3,5,3,NEU,6
I would fly them again,Peter-John de Kock,Air France,December 2017,True,"Cape Town to Los Angeles via Paris CDG. So this was the first time that I've flown Air France and I'm not entirely sure how I feel about it. I can't exactly say why I was expecting ""more"", but I was. Boarding was efficient and fairly prompt and we got away on schedule. After take off, a drinks service was completed, followed by dinner and then one more drinks run. I was sat at seat 40a (changed my seats at check in, I prefer a window seat). Cabin crew were nice enough (could have done with another drinks run) and the cabin was super clean. The seat was AWFULLY uncomfortable, there's something about the way it's positioned, one can't quite get ones legs straight out under the seat in front. This makes for all sorts of contorted positions throughout the flight and a charming game of leg olympics with the strange man seated in the seat next door. Connection in Paris was quick and well done, flight from Paris to LAX was torture. (Probably more down to the flight before). Service was arguably better on this flight though, and the crew - WAY friendlier. It took ages to get luggage at LAX though. All in, everything was ok. I can't really think of anything that stood out. In flight entertainment was not what one would expect from Air France, but it was ok. I would fly them again, but only because of the ease of connection from CPT to the US.",Business,Barcelona - Paris CDG,Economy Class,3,4,2,5,3,NEU,5
I was expecting more,Carlos Brigolas,Air France,November 2017,True,"Air France, Paris to Johannesburg - A380. To be honest I was expecting more, not much more but more. The bed (seat) does not go flat, almost but not completely flat, taking into consideration that it is an A380 and this is Air France I was disappointed. The plane took off and I had started to sleep, however the staff started changing peoples seats, upgrading other passengers and re-allocating people. The service was ok, but nothing out of this world. In the end a normal flight, not the experience that you are expecting from Air France on a long haul flight.",Business,Frankfurt - Paris - Montpellier,Business Class,3,3,4,1,3,NEU,6
quantity of the food was below par,Jochem Vreugdenhil,Air France,October 2017,False,"Amsterdam to Lima return via Paris. First part AMS-CDG with KLM 737. Good legroom, friendly staff and good service for this short haul flight. Because it was busy in Amsterdam, flight left too late, but arrived on time. So overall good experience. Arrived in Paris at time. Unfortunately the time at the border control took very long (approx. 1 hour) so I've made it just in time to the connection flight. Second part CDG-LIM won Air France 777-300. Old plane, and so was the IFE. Seats were cramped and legroom was so so. Seat had an USB port. It was a daytime flight of 12,5 hours. After departure (which was on time) the served already the lunch. You couldn't make a choice, and there was no drink service before or a towel. After the lunch was been served we didn't see the crew anymore. If you needed a drink, you had to go the galley by yourself. There were limited snack (little ice creams and small sandwiches). An hour before arrival we got a snack (orange juice, small piece of bread and a cake). It was not much. The food tasted good. Overall I thought that the service was limited (especially if you compare it with other airlines or with partner KLM). You pay a lot of money, and therefore you don't get much service. The same features with the IFE, which had limited options and didn't work properly. So I'm not impressed with the services provided by Air France. Third part was back from LIM-CDG with AF 777-300. This plane was slightly newer, and the legroom felt better, and so were the seats. IFE was still old. This was a night flight. Service started just after departure (same as on the way to LIM only one meal option). The service on this flight was limited too. On a night flight I don't care about that, but in the night your neighbour sometimes want to pass because they wanted some water (they dont walk by once a hour). So that annoyed me. I've slept the most of the flight, despite that my neighbour wanted to pass two times. Second (breakfast) meal was not much, so also here was the service under par. Last part of the journey was CDG-AMS with AF A320. Legroom was ok, seats were good. Service was fine for this short haul flight (sandwich and drinks). I wouldn't recommend flying with AF based on my experiences. You pay a lot money for the ticket, service was limited and the quantity of the food was below par. Furthermore the IFE was old and didn't work properly. The seats are cramped and the legroom was so so. I like to fly with KLM (friendly crew and enough service), but AF is not comparable. So if I book with KLM, I check first if the flight is with them or with AF.",Solo Leisure,Bogota - Paris CDG - Edinburgh,Economy Class,4,4,5,2,2,NEU,5
Boarding was an absolute mess,Michel Perrin,Air France,October 2017,False,"Paris to Marseille. Boarding was an absolute mess, with a rarely seen level of stress. Two Air France aircrafts at the same gate (F29), one to Florence supposed to leave 30 mn before the Marseille one, leaving therefore 10 mn to board to the second one. Unfortunately first boarding was delayed (due to staff at gate, a staff much more interested in preventing big cabin luggage than to speed up boarding process). Therefore stress started to grow between passengers of the second flight. It seems that staff at gate was unprepared, even after the obvious delays. They remained smiling, behind their desk, not helping the lady to security check. On board nothing important. Pilot succeeded is reducing delay on arrival.",Solo Leisure,Paris - Nice,Economy Class,5,1,5,3,3,NEU,5
low cost flight at rather expensive price,Dmitry Artemyev,Air France,August 2017,False,It's Air France flight operated by HOP (But you can't buy it as a HOP flight). So it's not a low cost flight at rather expensive ticket price. Service was good with some snack and beverages free of charge. The leg room is tight but it's just about 2 hour flight. It arrives at Terminal G CDG airport and you have to take a free shuttle bus to the main terminal complex.,Solo Leisure,Brussels - Paris - Johannesburg,Economy Class,3,4,3,3,3,NEU,6
luggage was not on the plane,E Mallin,Air France,August 2017,True,"The flight was delayed due to some issue with the luggage. All in all the flight was very good. It's when we arrived in New York to find out that our luggage was not on the plane. We found out after waiting for about 30 min watching the conveyor go round and round. Then we find out that there is a Air France person with a list of people whose luggage was not on the plane. First of all if they knew this, why didn't they call us out instead of making us wait. They tell us it is still in Paris and it will be on the next flight and delivered to our house the next day.  After several calls and agents that don't seem to know what is going on, all they could say is Sorry for this convenience. 2 days later we find the luggage was routed to Atlanta, then Albany NY. This is the 3rd day and still waiting to hear when it will be delivered. Air France failed big time with the handling and the communication with our luggage.",Couple Leisure,Dubai - Paris CDG,Premium Economy,3,2,2,2,2,NEU,6
seats are automatically assigned,Michel Perrin,Air France,August 2017,True,"Ajaccio to Paris Orly. On Air France domestic flights seats are automatically assigned 30 hours before departure, whatever the price you pay. Usually you may change them on-line. In our case, we were a party of two, and were assigned separated seats at the very end of cabin. We did not succeed in changing them, as aircraft looked full. We called Air France (extra charge for phone calls); they argued they could not either change them because flight was empty and AF concern was aircraft balance. This did not justify couple separation. Very unuseful stress, that we could avoid on a LC paying a fee. We were compelled to arrive earlier at Airport, we queued at ticket counter, and they assigned seats on row #1.",Couple Leisure,Amsterdam - Nantes,Economy Class,5,5,5,2,5,NEU,5
staff seemed to enjoy their work,H Nyman,Air France,March 2017,True,"Paris to Tel Aviv. Seat comfort not the best due to limited space between seats. Since flight time is over four hours it is not so pleasant to have limited space. I had ordered a gluten free meal well in advance, but a member of staff came and told me that there only was one gluten free meal available, and two persons had ordered it. I was asked if I could eat an ordinary meal, but was also told that they also would ask the other person. After a while I was told that the other person accepted to take a kosher meal instead. When I got my meal I saw that it wasn't gluten free, but kosher. I told the staff, and they apologised for giving me the wrong meal. When I received the correct one, I had to wait 30 minutes before I got something to drink. Wine was good however. Even though they made some mistakes, the staff seemed to enjoy their work and seemed pleasant.",Couple Leisure,Paris CDG - New York,Economy Class,1,2,4,4,3,NEU,5
a decent experience,Nico Echeverri,Air France,January 2017,False,"Overall, a decent experience with Air France travelling back home from Paris to Bogota. Flying on an A340, the economy class seats were very uncomfortable and the tv screens were outdated compared to other airlines, but aside from that, I had an enjoyable flight. The food we received was delicious and there was enough in flight entertainment to get me trough the 11 hour flight.",Solo Leisure,HKG - CDG,Economy Class,4,5,5,5,3,NEU,6
service was far below that of some other airlines,V Anderson,Air France,November 2016,True,"I had a not so good experience with Air France flying from Delhi to Rome via Paris. The service was below airlines like Lufthansa and Singapore. Crew were not very helpful. The food was also not up to the mark. Had a 1 hr gap between connecting flights, no ground support was there to help at CDG and further luggage did not arrive. Whole day got wasted in collecting luggage.",Couple Leisure,AMS - CDG - DXB,Economy Class,3,2,2,4,4,NEU,6
selection of movies is limited,M Rapalec,Air France,December 2016,True,"Punta Cana to Prague via Paris. The Boeing 777-300ER interior was really old, touch screen looks old. The selection of movies is limited, yes they have some really new movies, but problem is this is limited. It took hour and half before we got our food (were the last one on the plane which was bad luck), food wasn't great, but was ok. Problem are drinks between meals, cabin crew brought drinks only with meals, but not in between. You can go to gallery and pour yourself a drink, but when you have a window seat two people need to stand up and they might be sleeping, it wouldn't kill the cabin crew to walk around with couple drinks. Also boarding was done bit chaotic. At least the leg room was good on all aircraft including A320 and really good on A321 (same as at 777). Overall I would say average airline with terrible entertainment and average food, but the cabin crew is friendly. Use this airline when they have good fares,.",Couple Leisure,AMS - CDG - DXB,Economy Class,1,5,3,1,3,NEU,5
no hot meals or snack,Raymond Chickrie,Air France,August 2016,True,"Flew Air France from New York JFK to Dubai via Paris CDG. Check in and departure was on time. On board, we we were served a cold chicken pasta salad. Surprisingly, there was no hot meals or snack. The cabin was clean and the crew were pleasant. The inflight entertainment was adequate. There was no snacks in between flights from NY to Dubai. From Paris to Dubai we were served a cold chicken salad again. The seats were tight. There was was little room for adjusting the seats. My knees were touching the seat in front.",Solo Leisure,BOM - CDG,Economy Class,5,1,4,3,3,NEU,5
not book AF for long-haul again,Lena Steener,Air France,August 2016,False,"Mumbai to Paris with Air France. Friendly staff, comfy seat - I had a good sleep though it was an older angle-lie-flat seat. 2x2x2 configuration is so out. Fortunately I could catch a middle row seat - after discussion because they had deleted my seat reservation I made during web check-in. Why ask your passengers to reserve seats and ignore the reservation? Catering service was horrible. Just a tray with all dinner courses together landed at my table. No offer of different wines between the courses.  Absolutely no exclusivity of service. Still satisfying flight. I would not book AF for long-haul again.",Couple Leisure,MAN - CDG - MRU,Business Class,4,1,5,2,3,NEU,5
onboard service is accurate but not meticulous,E Capello,Air France,April 2016,False,"Buenos Aires to Paris with Air France. I traveled on the new Business class Best and Beyond. The onboard service is fairly accurate but not meticulous and personalized as in other airlines. The meals are good and different but are still served with the trolley and dishes are not served directly to yourtable like a restaurant. Missing the feeling of personal service. The seat is comfortable and reclines to become a bed. The amenity kit provided is not very elegant. The entertainment system is rather good and very large and bright screen. Inside I made use of the lounge Condor airport in Buenos Aires and I was fine. However, at the same price in future I will choose another company.",Solo Leisure,CDG - IAD,Business Class,4,4,4,1,3,NEU,6
service was quick and methodic,P Ramenedo,Air France,May 2016,False,"Hong Kong to Paris on Air France A380, we were isolated on the upper deck with no possibilities of moving around. The bar was just a counter with appetizers and some candies. The 2-2-2 configuration is classic with front view seats, that were pretty uncomfortable, not reclining to be a full bed.  Food was acceptable. Service was quick and methodic, but not dedicated and warm.",Couple Leisure,LED - CDG - GOA,Business Class,5,4,4,3,3,NEU,6
pretty shameful catering,I Manjic,Air France,June 2016,False,"Air France from St. Maarten to Budapest via Paris. Pretty shameful catering for long haul flight. For breakfast from St. Maarten we got small croissant, bagel and fruit. This is pretty much where the middle eastern airlines like Emirates, Qatar, Airways etc are dominating. I had a much better experience with KLM even though it's basically the same company.",Couple Leisure,IAD - CDG,Economy Class,3,4,5,5,3,NEU,5
would fly Air France again,Fotis Giannousas,Air France,April 2016,False,"Air France from Athens to Paris CDG and back. There was no delay, crew was welcoming and helpful. There was no Inflight Entertainment. We got our food about 50 mins after take-off, and the food was good. On the return flight, we had a 30 minute delay, but despite that we landed on time. I enjoyed my trip and would fly Air France again.",Family Leisure,MAN - CDG - JNB,Economy Class,2,5,3,2,3,NEU,6
