{
    "preprocessing": {
        "unique_category_threshold": 51,
        "drop_features": ["Numerical Overall Rating"],
        "missing_values": "impute",
        "impute_strategy": "mean",
        "scaling": "minmax",
        "text_process": "tf-idf",
        "sampling": "SMOTE",
        "convertirRating": false
    },
    "kNN": {
        "n_neighbors": [3, 5, 7, 9, 11],
        "weights": ["uniform", "distance"],
        "algorithm": ["auto"],
        "leaf_size": [20, 30, 40],
        "p": [1, 2]
    },
    "decision_tree": {
        "criterion": ["gini"],
        "max_depth": [5, 10, 20, 30],
        "min_samples_split": [2, 5, 10],
        "min_samples_leaf": [1, 2, 4],
        "max_features": ["sqrt", "log2"],
        "splitter": ["best"]
    },
    "random_forest": {
        "n_estimators": [50],
        "criterion": ["gini"],
        "max_depth": [5, 10],
        "min_samples_split": [2, 5, 10],
        "min_samples_leaf": [1, 2, 4],
        "max_features": ["sqrt", "log2"],
        "bootstrap": [false]
    },
    "naive_bayes": {
        "alpha": [0.00000001,0.0001,0.1, 0.25, 0.5, 0.75, 1.0, 2.0],
        "fit_prior": [true, false]
        }
}

